{
    "loss": 26.281810760498047,
    "accuracy": 0.5686274766921997
}